title,description
Task 1,Descrição da Task 1
Task 2,Descrição da Task 2
Task 3,Descrição da Task 3
Task 4,Descrição da Task 4
Task 5,Descrição da Task 5
Task 6, Descrição da Task6
Task 7, Descrição da Task7
Task 8, Descrição da Task8
Task 9, Descrição da Task9
Task 10, Descrição da Task10
Task 11, Descrição da Task11
Task 12, Descrição da Task12
Task 13, Descrição da Task13
Task 14, Descrição da Task14
Task 15, Descrição da Task15
Task 16, Descrição da Task16
Task 17, Descrição da Task17
Task 18, Descrição da Task18
Task 19, Descrição da Task19
Task 20, Descrição da Task20
Task 21, Descrição da Task21
Task 22, Descrição da Task22
Task 23, Descrição da Task23
Task 24, Descrição da Task24
Task 25, Descrição da Task25
Task 26, Descrição da Task26
Task 27, Descrição da Task27
Task 28, Descrição da Task28
Task 29, Descrição da Task29
Task 30, Descrição da Task30
Task 31, Descrição da Task31
Task 32, Descrição da Task32
Task 33, Descrição da Task33
Task 34, Descrição da Task34
Task 35, Descrição da Task35
Task 36, Descrição da Task36
Task 37, Descrição da Task37
Task 38, Descrição da Task38
Task 39, Descrição da Task39
Task 40, Descrição da Task40
Task 41, Descrição da Task41
Task 42, Descrição da Task42
Task 43, Descrição da Task43
Task 44, Descrição da Task44
Task 45, Descrição da Task45
Task 46, Descrição da Task46
Task 47, Descrição da Task47
Task 48, Descrição da Task48
Task 49, Descrição da Task49
Task 50, Descrição da Task50
Task 51, Descrição da Task51
Task 52, Descrição da Task52
Task 53, Descrição da Task53
Task 54, Descrição da Task54
Task 55, Descrição da Task55
Task 56, Descrição da Task56
Task 57, Descrição da Task57
Task 58, Descrição da Task58
Task 59, Descrição da Task59
Task 60, Descrição da Task60
Task 61, Descrição da Task61
Task 62, Descrição da Task62
Task 63, Descrição da Task63
Task 64, Descrição da Task64
Task 65, Descrição da Task65
Task 66, Descrição da Task66
Task 67, Descrição da Task67
Task 68, Descrição da Task68
Task 69, Descrição da Task69
Task 70, Descrição da Task70
Task 71, Descrição da Task71
Task 72, Descrição da Task72
Task 73, Descrição da Task73
Task 74, Descrição da Task74
Task 75, Descrição da Task75
Task 76, Descrição da Task76
Task 77, Descrição da Task77
Task 78, Descrição da Task78
Task 79, Descrição da Task79
Task 80, Descrição da Task80
Task 81, Descrição da Task81
Task 82, Descrição da Task82
Task 83, Descrição da Task83
Task 84, Descrição da Task84
Task 85, Descrição da Task85
Task 86, Descrição da Task86
Task 87, Descrição da Task87
Task 88, Descrição da Task88
Task 89, Descrição da Task89
Task 90, Descrição da Task90
Task 91, Descrição da Task91
Task 92, Descrição da Task92
Task 93, Descrição da Task93
Task 94, Descrição da Task94
Task 95, Descrição da Task95
Task 96, Descrição da Task96
Task 97, Descrição da Task97
Task 98, Descrição da Task98
Task 99, Descrição da Task99
Task 100, Descrição da Task100
Task 101, Descrição da Task101
Task 102, Descrição da Task102
Task 103, Descrição da Task103
Task 104, Descrição da Task104
Task 105, Descrição da Task105
Task 106, Descrição da Task106
Task 107, Descrição da Task107
Task 108, Descrição da Task108
Task 109, Descrição da Task109
Task 110, Descrição da Task110
Task 111, Descrição da Task111
Task 112, Descrição da Task112
Task 113, Descrição da Task113
Task 114, Descrição da Task114
Task 115, Descrição da Task115
Task 116, Descrição da Task116
Task 117, Descrição da Task117
Task 118, Descrição da Task118
Task 119, Descrição da Task119
Task 120, Descrição da Task120
Task 121, Descrição da Task121
Task 122, Descrição da Task122
Task 123, Descrição da Task123
Task 124, Descrição da Task124
Task 125, Descrição da Task125
Task 126, Descrição da Task126
Task 127, Descrição da Task127
Task 128, Descrição da Task128
Task 129, Descrição da Task129
Task 130, Descrição da Task130
Task 131, Descrição da Task131
Task 132, Descrição da Task132
Task 133, Descrição da Task133
Task 134, Descrição da Task134
Task 135, Descrição da Task135
Task 136, Descrição da Task136
Task 137, Descrição da Task137
Task 138, Descrição da Task138
Task 139, Descrição da Task139
Task 140, Descrição da Task140
Task 141, Descrição da Task141
Task 142, Descrição da Task142
Task 143, Descrição da Task143
Task 144, Descrição da Task144
Task 145, Descrição da Task145
Task 146, Descrição da Task146
Task 147, Descrição da Task147
Task 148, Descrição da Task148
Task 149, Descrição da Task149
Task 150, Descrição da Task150
Task 151, Descrição da Task151
Task 152, Descrição da Task152
Task 153, Descrição da Task153
Task 154, Descrição da Task154
Task 155, Descrição da Task155
Task 156, Descrição da Task156
Task 157, Descrição da Task157
Task 158, Descrição da Task158
Task 159, Descrição da Task159
Task 160, Descrição da Task160
Task 161, Descrição da Task161
Task 162, Descrição da Task162
Task 163, Descrição da Task163
Task 164, Descrição da Task164
Task 165, Descrição da Task165
Task 166, Descrição da Task166
Task 167, Descrição da Task167
Task 168, Descrição da Task168
Task 169, Descrição da Task169
Task 170, Descrição da Task170
Task 171, Descrição da Task171
Task 172, Descrição da Task172
Task 173, Descrição da Task173
Task 174, Descrição da Task174
Task 175, Descrição da Task175
Task 176, Descrição da Task176
Task 177, Descrição da Task177
Task 178, Descrição da Task178
Task 179, Descrição da Task179
Task 180, Descrição da Task180
Task 181, Descrição da Task181
Task 182, Descrição da Task182
Task 183, Descrição da Task183
Task 184, Descrição da Task184
Task 185, Descrição da Task185
Task 186, Descrição da Task186
Task 187, Descrição da Task187
Task 188, Descrição da Task188
Task 189, Descrição da Task189
Task 190, Descrição da Task190
Task 191, Descrição da Task191
Task 192, Descrição da Task192
Task 193, Descrição da Task193
Task 194, Descrição da Task194
Task 195, Descrição da Task195
Task 196, Descrição da Task196
Task 197, Descrição da Task197
Task 198, Descrição da Task198
Task 199, Descrição da Task199
Task 200, Descrição da Task200
Task 201, Descrição da Task201
Task 202, Descrição da Task202
Task 203, Descrição da Task203
Task 204, Descrição da Task204
Task 205, Descrição da Task205
Task 206, Descrição da Task206
Task 207, Descrição da Task207
Task 208, Descrição da Task208
Task 209, Descrição da Task209
Task 210, Descrição da Task210
Task 211, Descrição da Task211
Task 212, Descrição da Task212
Task 213, Descrição da Task213
Task 214, Descrição da Task214
Task 215, Descrição da Task215
Task 216, Descrição da Task216
Task 217, Descrição da Task217
Task 218, Descrição da Task218
Task 219, Descrição da Task219
Task 220, Descrição da Task220
Task 221, Descrição da Task221
Task 222, Descrição da Task222
Task 223, Descrição da Task223
Task 224, Descrição da Task224
Task 225, Descrição da Task225
Task 226, Descrição da Task226
Task 227, Descrição da Task227
Task 228, Descrição da Task228
Task 229, Descrição da Task229
Task 230, Descrição da Task230
Task 231, Descrição da Task231
Task 232, Descrição da Task232
Task 233, Descrição da Task233
Task 234, Descrição da Task234
Task 235, Descrição da Task235
Task 236, Descrição da Task236
Task 237, Descrição da Task237
Task 238, Descrição da Task238
Task 239, Descrição da Task239
Task 240, Descrição da Task240
Task 241, Descrição da Task241
Task 242, Descrição da Task242
Task 243, Descrição da Task243
Task 244, Descrição da Task244
Task 245, Descrição da Task245
Task 246, Descrição da Task246
Task 247, Descrição da Task247
Task 248, Descrição da Task248
Task 249, Descrição da Task249
Task 250, Descrição da Task250
Task 251, Descrição da Task251
Task 252, Descrição da Task252
Task 253, Descrição da Task253
Task 254, Descrição da Task254
Task 255, Descrição da Task255
Task 256, Descrição da Task256
Task 257, Descrição da Task257
Task 258, Descrição da Task258
Task 259, Descrição da Task259
Task 260, Descrição da Task260
Task 261, Descrição da Task261
Task 262, Descrição da Task262
Task 263, Descrição da Task263
Task 264, Descrição da Task264
Task 265, Descrição da Task265
Task 266, Descrição da Task266
Task 267, Descrição da Task267
Task 268, Descrição da Task268
Task 269, Descrição da Task269
Task 270, Descrição da Task270
Task 271, Descrição da Task271
Task 272, Descrição da Task272
Task 273, Descrição da Task273
Task 274, Descrição da Task274
Task 275, Descrição da Task275
Task 276, Descrição da Task276
Task 277, Descrição da Task277
Task 278, Descrição da Task278
Task 279, Descrição da Task279
Task 280, Descrição da Task280
Task 281, Descrição da Task281
Task 282, Descrição da Task282
Task 283, Descrição da Task283
Task 284, Descrição da Task284
Task 285, Descrição da Task285
Task 286, Descrição da Task286
Task 287, Descrição da Task287
Task 288, Descrição da Task288
Task 289, Descrição da Task289
Task 290, Descrição da Task290
Task 291, Descrição da Task291
Task 292, Descrição da Task292
Task 293, Descrição da Task293
Task 294, Descrição da Task294
Task 295, Descrição da Task295
Task 296, Descrição da Task296
Task 297, Descrição da Task297
Task 298, Descrição da Task298
Task 299, Descrição da Task299
Task 300, Descrição da Task300
Task 301, Descrição da Task301
Task 302, Descrição da Task302
Task 303, Descrição da Task303
Task 304, Descrição da Task304
Task 305, Descrição da Task305
Task 306, Descrição da Task306
Task 307, Descrição da Task307
Task 308, Descrição da Task308
Task 309, Descrição da Task309
Task 310, Descrição da Task310
Task 311, Descrição da Task311
Task 312, Descrição da Task312
Task 313, Descrição da Task313
Task 314, Descrição da Task314
Task 315, Descrição da Task315
Task 316, Descrição da Task316
Task 317, Descrição da Task317
Task 318, Descrição da Task318
Task 319, Descrição da Task319
Task 320, Descrição da Task320
Task 321, Descrição da Task321
Task 322, Descrição da Task322
Task 323, Descrição da Task323
Task 324, Descrição da Task324
Task 325, Descrição da Task325
Task 326, Descrição da Task326
Task 327, Descrição da Task327
Task 328, Descrição da Task328
Task 329, Descrição da Task329
Task 330, Descrição da Task330
Task 331, Descrição da Task331
Task 332, Descrição da Task332
Task 333, Descrição da Task333
Task 334, Descrição da Task334
Task 335, Descrição da Task335
Task 336, Descrição da Task336
Task 337, Descrição da Task337
Task 338, Descrição da Task338
Task 339, Descrição da Task339
Task 340, Descrição da Task340
Task 341, Descrição da Task341
Task 342, Descrição da Task342
Task 343, Descrição da Task343
Task 344, Descrição da Task344
Task 345, Descrição da Task345
Task 346, Descrição da Task346
Task 347, Descrição da Task347
Task 348, Descrição da Task348
Task 349, Descrição da Task349
Task 350, Descrição da Task350
Task 351, Descrição da Task351
Task 352, Descrição da Task352
Task 353, Descrição da Task353
Task 354, Descrição da Task354
Task 355, Descrição da Task355
Task 356, Descrição da Task356
Task 357, Descrição da Task357
Task 358, Descrição da Task358
Task 359, Descrição da Task359
Task 360, Descrição da Task360
Task 361, Descrição da Task361
Task 362, Descrição da Task362
Task 363, Descrição da Task363
Task 364, Descrição da Task364
Task 365, Descrição da Task365
Task 366, Descrição da Task366
Task 367, Descrição da Task367
Task 368, Descrição da Task368
Task 369, Descrição da Task369
Task 370, Descrição da Task370
Task 371, Descrição da Task371
Task 372, Descrição da Task372
Task 373, Descrição da Task373
Task 374, Descrição da Task374
Task 375, Descrição da Task375
Task 376, Descrição da Task376
Task 377, Descrição da Task377
Task 378, Descrição da Task378
Task 379, Descrição da Task379
Task 380, Descrição da Task380
Task 381, Descrição da Task381
Task 382, Descrição da Task382
Task 383, Descrição da Task383
Task 384, Descrição da Task384
Task 385, Descrição da Task385
Task 386, Descrição da Task386
Task 387, Descrição da Task387
Task 388, Descrição da Task388
Task 389, Descrição da Task389
Task 390, Descrição da Task390
Task 391, Descrição da Task391
Task 392, Descrição da Task392
Task 393, Descrição da Task393
Task 394, Descrição da Task394
Task 395, Descrição da Task395
Task 396, Descrição da Task396
Task 397, Descrição da Task397
Task 398, Descrição da Task398
Task 399, Descrição da Task399
Task 400, Descrição da Task400
Task 401, Descrição da Task401
Task 402, Descrição da Task402
Task 403, Descrição da Task403
Task 404, Descrição da Task404
Task 405, Descrição da Task405
Task 406, Descrição da Task406
Task 407, Descrição da Task407
Task 408, Descrição da Task408
Task 409, Descrição da Task409
Task 410, Descrição da Task410
Task 411, Descrição da Task411
Task 412, Descrição da Task412
Task 413, Descrição da Task413
Task 414, Descrição da Task414
Task 415, Descrição da Task415
Task 416, Descrição da Task416
Task 417, Descrição da Task417
Task 418, Descrição da Task418
Task 419, Descrição da Task419
Task 420, Descrição da Task420
Task 421, Descrição da Task421
Task 422, Descrição da Task422
Task 423, Descrição da Task423
Task 424, Descrição da Task424
Task 425, Descrição da Task425
Task 426, Descrição da Task426
Task 427, Descrição da Task427
Task 428, Descrição da Task428
Task 429, Descrição da Task429
Task 430, Descrição da Task430
Task 431, Descrição da Task431
Task 432, Descrição da Task432
Task 433, Descrição da Task433
Task 434, Descrição da Task434
Task 435, Descrição da Task435
Task 436, Descrição da Task436
Task 437, Descrição da Task437
Task 438, Descrição da Task438
Task 439, Descrição da Task439
Task 440, Descrição da Task440
Task 441, Descrição da Task441
Task 442, Descrição da Task442
Task 443, Descrição da Task443
Task 444, Descrição da Task444
Task 445, Descrição da Task445
Task 446, Descrição da Task446
Task 447, Descrição da Task447
Task 448, Descrição da Task448
Task 449, Descrição da Task449
Task 450, Descrição da Task450
Task 451, Descrição da Task451
Task 452, Descrição da Task452
Task 453, Descrição da Task453
Task 454, Descrição da Task454
Task 455, Descrição da Task455
Task 456, Descrição da Task456
Task 457, Descrição da Task457
Task 458, Descrição da Task458
Task 459, Descrição da Task459
Task 460, Descrição da Task460
Task 461, Descrição da Task461
Task 462, Descrição da Task462
Task 463, Descrição da Task463
Task 464, Descrição da Task464
Task 465, Descrição da Task465
Task 466, Descrição da Task466
Task 467, Descrição da Task467
Task 468, Descrição da Task468
Task 469, Descrição da Task469
Task 470, Descrição da Task470
Task 471, Descrição da Task471
Task 472, Descrição da Task472
Task 473, Descrição da Task473
Task 474, Descrição da Task474
Task 475, Descrição da Task475
Task 476, Descrição da Task476
Task 477, Descrição da Task477
Task 478, Descrição da Task478
Task 479, Descrição da Task479
Task 480, Descrição da Task480
Task 481, Descrição da Task481
Task 482, Descrição da Task482
Task 483, Descrição da Task483
Task 484, Descrição da Task484
Task 485, Descrição da Task485
Task 486, Descrição da Task486
Task 487, Descrição da Task487
Task 488, Descrição da Task488
Task 489, Descrição da Task489
Task 490, Descrição da Task490
Task 491, Descrição da Task491
Task 492, Descrição da Task492
Task 493, Descrição da Task493
Task 494, Descrição da Task494
Task 495, Descrição da Task495
Task 496, Descrição da Task496
Task 497, Descrição da Task497
Task 498, Descrição da Task498
Task 499, Descrição da Task499
Task 500, Descrição da Task500
Task 501, Descrição da Task501
Task 502, Descrição da Task502
Task 503, Descrição da Task503
Task 504, Descrição da Task504
Task 505, Descrição da Task505
Task 506, Descrição da Task506
Task 507, Descrição da Task507
Task 508, Descrição da Task508
Task 509, Descrição da Task509
Task 510, Descrição da Task510
Task 511, Descrição da Task511
Task 512, Descrição da Task512
Task 513, Descrição da Task513
Task 514, Descrição da Task514
Task 515, Descrição da Task515
Task 516, Descrição da Task516
Task 517, Descrição da Task517
Task 518, Descrição da Task518
Task 519, Descrição da Task519
Task 520, Descrição da Task520
Task 521, Descrição da Task521
Task 522, Descrição da Task522
Task 523, Descrição da Task523
Task 524, Descrição da Task524
Task 525, Descrição da Task525
Task 526, Descrição da Task526
Task 527, Descrição da Task527
Task 528, Descrição da Task528
Task 529, Descrição da Task529
Task 530, Descrição da Task530
Task 531, Descrição da Task531
Task 532, Descrição da Task532
Task 533, Descrição da Task533
Task 534, Descrição da Task534
Task 535, Descrição da Task535
Task 536, Descrição da Task536
Task 537, Descrição da Task537
Task 538, Descrição da Task538
Task 539, Descrição da Task539
Task 540, Descrição da Task540
Task 541, Descrição da Task541
Task 542, Descrição da Task542
Task 543, Descrição da Task543
Task 544, Descrição da Task544
Task 545, Descrição da Task545
Task 546, Descrição da Task546
Task 547, Descrição da Task547
Task 548, Descrição da Task548
Task 549, Descrição da Task549
Task 550, Descrição da Task550
Task 551, Descrição da Task551
Task 552, Descrição da Task552
Task 553, Descrição da Task553
Task 554, Descrição da Task554
Task 555, Descrição da Task555
Task 556, Descrição da Task556
Task 557, Descrição da Task557
Task 558, Descrição da Task558
Task 559, Descrição da Task559
Task 560, Descrição da Task560
Task 561, Descrição da Task561
Task 562, Descrição da Task562
Task 563, Descrição da Task563
Task 564, Descrição da Task564
Task 565, Descrição da Task565
Task 566, Descrição da Task566
Task 567, Descrição da Task567
Task 568, Descrição da Task568
Task 569, Descrição da Task569
Task 570, Descrição da Task570
Task 571, Descrição da Task571
Task 572, Descrição da Task572
Task 573, Descrição da Task573
Task 574, Descrição da Task574
Task 575, Descrição da Task575
Task 576, Descrição da Task576
Task 577, Descrição da Task577
Task 578, Descrição da Task578
Task 579, Descrição da Task579
Task 580, Descrição da Task580
Task 581, Descrição da Task581
Task 582, Descrição da Task582
Task 583, Descrição da Task583
Task 584, Descrição da Task584
Task 585, Descrição da Task585
Task 586, Descrição da Task586
Task 587, Descrição da Task587
Task 588, Descrição da Task588
Task 589, Descrição da Task589
Task 590, Descrição da Task590
Task 591, Descrição da Task591
Task 592, Descrição da Task592
Task 593, Descrição da Task593
Task 594, Descrição da Task594
Task 595, Descrição da Task595
Task 596, Descrição da Task596
Task 597, Descrição da Task597
Task 598, Descrição da Task598
Task 599, Descrição da Task599
Task 600, Descrição da Task600
Task 601, Descrição da Task601
Task 602, Descrição da Task602
Task 603, Descrição da Task603
Task 604, Descrição da Task604
Task 605, Descrição da Task605
Task 606, Descrição da Task606
Task 607, Descrição da Task607
Task 608, Descrição da Task608
Task 609, Descrição da Task609
Task 610, Descrição da Task610
Task 611, Descrição da Task611
Task 612, Descrição da Task612
Task 613, Descrição da Task613
Task 614, Descrição da Task614
Task 615, Descrição da Task615
Task 616, Descrição da Task616
Task 617, Descrição da Task617
Task 618, Descrição da Task618
Task 619, Descrição da Task619
Task 620, Descrição da Task620
Task 621, Descrição da Task621
Task 622, Descrição da Task622
Task 623, Descrição da Task623
Task 624, Descrição da Task624
Task 625, Descrição da Task625
Task 626, Descrição da Task626
Task 627, Descrição da Task627
Task 628, Descrição da Task628
Task 629, Descrição da Task629
Task 630, Descrição da Task630
Task 631, Descrição da Task631
Task 632, Descrição da Task632
Task 633, Descrição da Task633
Task 634, Descrição da Task634
Task 635, Descrição da Task635
Task 636, Descrição da Task636
Task 637, Descrição da Task637
Task 638, Descrição da Task638
Task 639, Descrição da Task639
Task 640, Descrição da Task640
Task 641, Descrição da Task641
Task 642, Descrição da Task642
Task 643, Descrição da Task643
Task 644, Descrição da Task644
Task 645, Descrição da Task645
Task 646, Descrição da Task646
Task 647, Descrição da Task647
Task 648, Descrição da Task648
Task 649, Descrição da Task649
Task 650, Descrição da Task650
Task 651, Descrição da Task651
Task 652, Descrição da Task652
Task 653, Descrição da Task653
Task 654, Descrição da Task654
Task 655, Descrição da Task655
Task 656, Descrição da Task656
Task 657, Descrição da Task657
Task 658, Descrição da Task658
Task 659, Descrição da Task659
Task 660, Descrição da Task660
Task 661, Descrição da Task661
Task 662, Descrição da Task662
Task 663, Descrição da Task663
Task 664, Descrição da Task664
Task 665, Descrição da Task665
Task 666, Descrição da Task666
Task 667, Descrição da Task667
Task 668, Descrição da Task668
Task 669, Descrição da Task669
Task 670, Descrição da Task670
Task 671, Descrição da Task671
Task 672, Descrição da Task672
Task 673, Descrição da Task673
Task 674, Descrição da Task674
Task 675, Descrição da Task675
Task 676, Descrição da Task676
Task 677, Descrição da Task677
Task 678, Descrição da Task678
Task 679, Descrição da Task679
Task 680, Descrição da Task680
Task 681, Descrição da Task681
Task 682, Descrição da Task682
Task 683, Descrição da Task683
Task 684, Descrição da Task684
Task 685, Descrição da Task685
Task 686, Descrição da Task686
Task 687, Descrição da Task687
Task 688, Descrição da Task688
Task 689, Descrição da Task689
Task 690, Descrição da Task690
Task 691, Descrição da Task691
Task 692, Descrição da Task692
Task 693, Descrição da Task693
Task 694, Descrição da Task694
Task 695, Descrição da Task695
Task 696, Descrição da Task696
Task 697, Descrição da Task697
Task 698, Descrição da Task698
Task 699, Descrição da Task699
Task 700, Descrição da Task700
Task 701, Descrição da Task701
Task 702, Descrição da Task702
Task 703, Descrição da Task703
Task 704, Descrição da Task704
Task 705, Descrição da Task705
Task 706, Descrição da Task706
Task 707, Descrição da Task707
Task 708, Descrição da Task708
Task 709, Descrição da Task709
Task 710, Descrição da Task710
Task 711, Descrição da Task711
Task 712, Descrição da Task712
Task 713, Descrição da Task713
Task 714, Descrição da Task714
Task 715, Descrição da Task715
Task 716, Descrição da Task716
Task 717, Descrição da Task717
Task 718, Descrição da Task718
Task 719, Descrição da Task719
Task 720, Descrição da Task720
Task 721, Descrição da Task721
Task 722, Descrição da Task722
Task 723, Descrição da Task723
Task 724, Descrição da Task724
Task 725, Descrição da Task725
Task 726, Descrição da Task726
Task 727, Descrição da Task727
Task 728, Descrição da Task728
Task 729, Descrição da Task729
Task 730, Descrição da Task730
Task 731, Descrição da Task731
Task 732, Descrição da Task732
Task 733, Descrição da Task733
Task 734, Descrição da Task734
Task 735, Descrição da Task735
Task 736, Descrição da Task736
Task 737, Descrição da Task737
Task 738, Descrição da Task738
Task 739, Descrição da Task739
Task 740, Descrição da Task740
Task 741, Descrição da Task741
Task 742, Descrição da Task742
Task 743, Descrição da Task743
Task 744, Descrição da Task744
Task 745, Descrição da Task745
Task 746, Descrição da Task746
Task 747, Descrição da Task747
Task 748, Descrição da Task748
Task 749, Descrição da Task749
Task 750, Descrição da Task750
Task 751, Descrição da Task751
Task 752, Descrição da Task752
Task 753, Descrição da Task753
Task 754, Descrição da Task754
Task 755, Descrição da Task755
Task 756, Descrição da Task756
Task 757, Descrição da Task757
Task 758, Descrição da Task758
Task 759, Descrição da Task759
Task 760, Descrição da Task760
Task 761, Descrição da Task761
Task 762, Descrição da Task762
Task 763, Descrição da Task763
Task 764, Descrição da Task764
Task 765, Descrição da Task765
Task 766, Descrição da Task766
Task 767, Descrição da Task767
Task 768, Descrição da Task768
Task 769, Descrição da Task769
Task 770, Descrição da Task770
Task 771, Descrição da Task771
Task 772, Descrição da Task772
Task 773, Descrição da Task773
Task 774, Descrição da Task774
Task 775, Descrição da Task775
Task 776, Descrição da Task776
Task 777, Descrição da Task777
Task 778, Descrição da Task778
Task 779, Descrição da Task779
Task 780, Descrição da Task780
Task 781, Descrição da Task781
Task 782, Descrição da Task782
Task 783, Descrição da Task783
Task 784, Descrição da Task784
Task 785, Descrição da Task785
Task 786, Descrição da Task786
Task 787, Descrição da Task787
Task 788, Descrição da Task788
Task 789, Descrição da Task789
Task 790, Descrição da Task790
Task 791, Descrição da Task791
Task 792, Descrição da Task792
Task 793, Descrição da Task793
Task 794, Descrição da Task794
Task 795, Descrição da Task795
Task 796, Descrição da Task796
Task 797, Descrição da Task797
Task 798, Descrição da Task798
Task 799, Descrição da Task799
Task 800, Descrição da Task800
Task 801, Descrição da Task801
Task 802, Descrição da Task802
Task 803, Descrição da Task803
Task 804, Descrição da Task804
Task 805, Descrição da Task805
Task 806, Descrição da Task806
Task 807, Descrição da Task807
Task 808, Descrição da Task808
Task 809, Descrição da Task809
Task 810, Descrição da Task810
Task 811, Descrição da Task811
Task 812, Descrição da Task812
Task 813, Descrição da Task813
Task 814, Descrição da Task814
Task 815, Descrição da Task815
Task 816, Descrição da Task816
Task 817, Descrição da Task817
Task 818, Descrição da Task818
Task 819, Descrição da Task819
Task 820, Descrição da Task820
Task 821, Descrição da Task821
Task 822, Descrição da Task822
Task 823, Descrição da Task823
Task 824, Descrição da Task824
Task 825, Descrição da Task825
Task 826, Descrição da Task826
Task 827, Descrição da Task827
Task 828, Descrição da Task828
Task 829, Descrição da Task829
Task 830, Descrição da Task830
Task 831, Descrição da Task831
Task 832, Descrição da Task832
Task 833, Descrição da Task833
Task 834, Descrição da Task834
Task 835, Descrição da Task835
Task 836, Descrição da Task836
Task 837, Descrição da Task837
Task 838, Descrição da Task838
Task 839, Descrição da Task839
Task 840, Descrição da Task840
Task 841, Descrição da Task841
Task 842, Descrição da Task842
Task 843, Descrição da Task843
Task 844, Descrição da Task844
Task 845, Descrição da Task845
Task 846, Descrição da Task846
Task 847, Descrição da Task847
Task 848, Descrição da Task848
Task 849, Descrição da Task849
Task 850, Descrição da Task850
Task 851, Descrição da Task851
Task 852, Descrição da Task852
Task 853, Descrição da Task853
Task 854, Descrição da Task854
Task 855, Descrição da Task855
Task 856, Descrição da Task856
Task 857, Descrição da Task857
Task 858, Descrição da Task858
Task 859, Descrição da Task859
Task 860, Descrição da Task860
Task 861, Descrição da Task861
Task 862, Descrição da Task862
Task 863, Descrição da Task863
Task 864, Descrição da Task864
Task 865, Descrição da Task865
Task 866, Descrição da Task866
Task 867, Descrição da Task867
Task 868, Descrição da Task868
Task 869, Descrição da Task869
Task 870, Descrição da Task870
Task 871, Descrição da Task871
Task 872, Descrição da Task872
Task 873, Descrição da Task873
Task 874, Descrição da Task874
Task 875, Descrição da Task875
Task 876, Descrição da Task876
Task 877, Descrição da Task877
Task 878, Descrição da Task878
Task 879, Descrição da Task879
Task 880, Descrição da Task880
Task 881, Descrição da Task881
Task 882, Descrição da Task882
Task 883, Descrição da Task883
Task 884, Descrição da Task884
Task 885, Descrição da Task885
Task 886, Descrição da Task886
Task 887, Descrição da Task887
Task 888, Descrição da Task888
Task 889, Descrição da Task889
Task 890, Descrição da Task890
Task 891, Descrição da Task891
Task 892, Descrição da Task892
Task 893, Descrição da Task893
Task 894, Descrição da Task894
Task 895, Descrição da Task895
Task 896, Descrição da Task896
Task 897, Descrição da Task897
Task 898, Descrição da Task898
Task 899, Descrição da Task899
Task 900, Descrição da Task900
Task 901, Descrição da Task901
Task 902, Descrição da Task902
Task 903, Descrição da Task903
Task 904, Descrição da Task904
Task 905, Descrição da Task905
Task 906, Descrição da Task906
Task 907, Descrição da Task907
Task 908, Descrição da Task908
Task 909, Descrição da Task909
Task 910, Descrição da Task910
Task 911, Descrição da Task911
Task 912, Descrição da Task912
Task 913, Descrição da Task913
Task 914, Descrição da Task914
Task 915, Descrição da Task915
Task 916, Descrição da Task916
Task 917, Descrição da Task917
Task 918, Descrição da Task918
Task 919, Descrição da Task919
Task 920, Descrição da Task920
Task 921, Descrição da Task921
Task 922, Descrição da Task922
Task 923, Descrição da Task923
Task 924, Descrição da Task924
Task 925, Descrição da Task925
Task 926, Descrição da Task926
Task 927, Descrição da Task927
Task 928, Descrição da Task928
Task 929, Descrição da Task929
Task 930, Descrição da Task930
Task 931, Descrição da Task931
Task 932, Descrição da Task932
Task 933, Descrição da Task933
Task 934, Descrição da Task934
Task 935, Descrição da Task935
Task 936, Descrição da Task936
Task 937, Descrição da Task937
Task 938, Descrição da Task938
Task 939, Descrição da Task939
Task 940, Descrição da Task940
Task 941, Descrição da Task941
Task 942, Descrição da Task942
Task 943, Descrição da Task943
Task 944, Descrição da Task944
Task 945, Descrição da Task945
Task 946, Descrição da Task946
Task 947, Descrição da Task947
Task 948, Descrição da Task948
Task 949, Descrição da Task949
Task 950, Descrição da Task950
Task 951, Descrição da Task951
Task 952, Descrição da Task952
Task 953, Descrição da Task953
Task 954, Descrição da Task954
Task 955, Descrição da Task955
Task 956, Descrição da Task956
Task 957, Descrição da Task957
Task 958, Descrição da Task958
Task 959, Descrição da Task959
Task 960, Descrição da Task960
Task 961, Descrição da Task961
Task 962, Descrição da Task962
Task 963, Descrição da Task963
Task 964, Descrição da Task964
Task 965, Descrição da Task965
Task 966, Descrição da Task966
Task 967, Descrição da Task967
Task 968, Descrição da Task968
Task 969, Descrição da Task969
Task 970, Descrição da Task970
Task 971, Descrição da Task971
Task 972, Descrição da Task972
Task 973, Descrição da Task973
Task 974, Descrição da Task974
Task 975, Descrição da Task975
Task 976, Descrição da Task976
Task 977, Descrição da Task977
Task 978, Descrição da Task978
Task 979, Descrição da Task979
Task 980, Descrição da Task980
Task 981, Descrição da Task981
Task 982, Descrição da Task982
Task 983, Descrição da Task983
Task 984, Descrição da Task984
Task 985, Descrição da Task985
Task 986, Descrição da Task986
Task 987, Descrição da Task987
Task 988, Descrição da Task988
Task 989, Descrição da Task989
Task 990, Descrição da Task990
Task 991, Descrição da Task991
Task 992, Descrição da Task992
Task 993, Descrição da Task993
Task 994, Descrição da Task994
Task 995, Descrição da Task995
Task 996, Descrição da Task996
Task 997, Descrição da Task997
Task 998, Descrição da Task998
Task 999, Descrição da Task999
Task 1000, Descrição da Task1000
Task 1001, Descrição da Task1001
Task 1002, Descrição da Task1002
Task 1003, Descrição da Task1003
Task 1004, Descrição da Task1004
Task 1005, Descrição da Task1005
Task 1006, Descrição da Task1006
Task 1007, Descrição da Task1007
Task 1008, Descrição da Task1008
Task 1009, Descrição da Task1009
Task 1010, Descrição da Task1010
Task 1011, Descrição da Task1011
Task 1012, Descrição da Task1012
Task 1013, Descrição da Task1013
Task 1014, Descrição da Task1014
Task 1015, Descrição da Task1015
Task 1016, Descrição da Task1016
Task 1017, Descrição da Task1017
Task 1018, Descrição da Task1018
Task 1019, Descrição da Task1019
Task 1020, Descrição da Task1020
Task 1021, Descrição da Task1021
Task 1022, Descrição da Task1022
Task 1023, Descrição da Task1023
Task 1024, Descrição da Task1024
Task 1025, Descrição da Task1025
Task 1026, Descrição da Task1026
Task 1027, Descrição da Task1027
Task 1028, Descrição da Task1028
Task 1029, Descrição da Task1029
Task 1030, Descrição da Task1030
Task 1031, Descrição da Task1031
Task 1032, Descrição da Task1032
Task 1033, Descrição da Task1033
Task 1034, Descrição da Task1034
Task 1035, Descrição da Task1035
Task 1036, Descrição da Task1036
Task 1037, Descrição da Task1037
Task 1038, Descrição da Task1038
Task 1039, Descrição da Task1039
Task 1040, Descrição da Task1040
Task 1041, Descrição da Task1041
Task 1042, Descrição da Task1042
Task 1043, Descrição da Task1043
Task 1044, Descrição da Task1044
Task 1045, Descrição da Task1045
Task 1046, Descrição da Task1046
Task 1047, Descrição da Task1047
Task 1048, Descrição da Task1048
Task 1049, Descrição da Task1049
Task 1050, Descrição da Task1050
Task 1051, Descrição da Task1051
Task 1052, Descrição da Task1052
Task 1053, Descrição da Task1053
Task 1054, Descrição da Task1054
Task 1055, Descrição da Task1055
Task 1056, Descrição da Task1056
Task 1057, Descrição da Task1057
Task 1058, Descrição da Task1058
Task 1059, Descrição da Task1059
Task 1060, Descrição da Task1060
Task 1061, Descrição da Task1061
Task 1062, Descrição da Task1062
Task 1063, Descrição da Task1063
Task 1064, Descrição da Task1064
Task 1065, Descrição da Task1065
Task 1066, Descrição da Task1066
Task 1067, Descrição da Task1067
Task 1068, Descrição da Task1068
Task 1069, Descrição da Task1069
Task 1070, Descrição da Task1070
Task 1071, Descrição da Task1071
Task 1072, Descrição da Task1072
Task 1073, Descrição da Task1073
Task 1074, Descrição da Task1074
Task 1075, Descrição da Task1075
Task 1076, Descrição da Task1076
Task 1077, Descrição da Task1077
Task 1078, Descrição da Task1078
Task 1079, Descrição da Task1079
Task 1080, Descrição da Task1080
Task 1081, Descrição da Task1081
Task 1082, Descrição da Task1082
Task 1083, Descrição da Task1083
Task 1084, Descrição da Task1084
Task 1085, Descrição da Task1085
Task 1086, Descrição da Task1086
Task 1087, Descrição da Task1087
Task 1088, Descrição da Task1088
Task 1089, Descrição da Task1089
Task 1090, Descrição da Task1090
Task 1091, Descrição da Task1091
Task 1092, Descrição da Task1092
Task 1093, Descrição da Task1093
Task 1094, Descrição da Task1094
Task 1095, Descrição da Task1095
Task 1096, Descrição da Task1096
Task 1097, Descrição da Task1097
Task 1098, Descrição da Task1098
Task 1099, Descrição da Task1099
Task 1100, Descrição da Task1100
Task 1101, Descrição da Task1101
Task 1102, Descrição da Task1102
Task 1103, Descrição da Task1103
Task 1104, Descrição da Task1104
Task 1105, Descrição da Task1105
Task 1106, Descrição da Task1106
Task 1107, Descrição da Task1107
Task 1108, Descrição da Task1108
Task 1109, Descrição da Task1109
Task 1110, Descrição da Task1110
Task 1111, Descrição da Task1111
Task 1112, Descrição da Task1112
Task 1113, Descrição da Task1113
Task 1114, Descrição da Task1114
Task 1115, Descrição da Task1115
Task 1116, Descrição da Task1116
Task 1117, Descrição da Task1117
Task 1118, Descrição da Task1118
Task 1119, Descrição da Task1119
Task 1120, Descrição da Task1120
Task 1121, Descrição da Task1121
Task 1122, Descrição da Task1122
Task 1123, Descrição da Task1123
Task 1124, Descrição da Task1124
Task 1125, Descrição da Task1125
Task 1126, Descrição da Task1126
Task 1127, Descrição da Task1127
Task 1128, Descrição da Task1128
Task 1129, Descrição da Task1129
Task 1130, Descrição da Task1130
Task 1131, Descrição da Task1131
Task 1132, Descrição da Task1132
Task 1133, Descrição da Task1133
Task 1134, Descrição da Task1134
Task 1135, Descrição da Task1135
Task 1136, Descrição da Task1136
Task 1137, Descrição da Task1137
Task 1138, Descrição da Task1138
Task 1139, Descrição da Task1139
Task 1140, Descrição da Task1140
Task 1141, Descrição da Task1141
Task 1142, Descrição da Task1142
Task 1143, Descrição da Task1143
Task 1144, Descrição da Task1144
Task 1145, Descrição da Task1145
Task 1146, Descrição da Task1146
Task 1147, Descrição da Task1147
Task 1148, Descrição da Task1148
Task 1149, Descrição da Task1149
Task 1150, Descrição da Task1150
Task 1151, Descrição da Task1151
Task 1152, Descrição da Task1152
Task 1153, Descrição da Task1153
Task 1154, Descrição da Task1154
Task 1155, Descrição da Task1155
Task 1156, Descrição da Task1156
Task 1157, Descrição da Task1157
Task 1158, Descrição da Task1158
Task 1159, Descrição da Task1159
Task 1160, Descrição da Task1160
Task 1161, Descrição da Task1161
Task 1162, Descrição da Task1162
Task 1163, Descrição da Task1163
Task 1164, Descrição da Task1164
Task 1165, Descrição da Task1165
Task 1166, Descrição da Task1166
Task 1167, Descrição da Task1167
Task 1168, Descrição da Task1168
Task 1169, Descrição da Task1169
Task 1170, Descrição da Task1170
Task 1171, Descrição da Task1171
Task 1172, Descrição da Task1172
Task 1173, Descrição da Task1173
Task 1174, Descrição da Task1174
Task 1175, Descrição da Task1175
Task 1176, Descrição da Task1176
Task 1177, Descrição da Task1177
Task 1178, Descrição da Task1178
Task 1179, Descrição da Task1179
Task 1180, Descrição da Task1180
Task 1181, Descrição da Task1181
Task 1182, Descrição da Task1182
Task 1183, Descrição da Task1183
Task 1184, Descrição da Task1184
Task 1185, Descrição da Task1185
Task 1186, Descrição da Task1186
Task 1187, Descrição da Task1187
Task 1188, Descrição da Task1188
Task 1189, Descrição da Task1189
Task 1190, Descrição da Task1190
Task 1191, Descrição da Task1191
Task 1192, Descrição da Task1192
Task 1193, Descrição da Task1193
Task 1194, Descrição da Task1194
Task 1195, Descrição da Task1195
Task 1196, Descrição da Task1196
Task 1197, Descrição da Task1197
Task 1198, Descrição da Task1198
Task 1199, Descrição da Task1199
Task 1200, Descrição da Task1200
Task 1201, Descrição da Task1201
Task 1202, Descrição da Task1202
Task 1203, Descrição da Task1203
Task 1204, Descrição da Task1204
Task 1205, Descrição da Task1205
Task 1206, Descrição da Task1206
Task 1207, Descrição da Task1207
Task 1208, Descrição da Task1208
Task 1209, Descrição da Task1209
Task 1210, Descrição da Task1210
Task 1211, Descrição da Task1211
Task 1212, Descrição da Task1212
Task 1213, Descrição da Task1213
Task 1214, Descrição da Task1214
Task 1215, Descrição da Task1215
Task 1216, Descrição da Task1216
Task 1217, Descrição da Task1217
Task 1218, Descrição da Task1218
Task 1219, Descrição da Task1219
Task 1220, Descrição da Task1220
Task 1221, Descrição da Task1221
Task 1222, Descrição da Task1222
Task 1223, Descrição da Task1223
Task 1224, Descrição da Task1224
Task 1225, Descrição da Task1225
Task 1226, Descrição da Task1226
Task 1227, Descrição da Task1227
Task 1228, Descrição da Task1228
Task 1229, Descrição da Task1229
Task 1230, Descrição da Task1230
Task 1231, Descrição da Task1231
Task 1232, Descrição da Task1232
Task 1233, Descrição da Task1233
Task 1234, Descrição da Task1234
Task 1235, Descrição da Task1235
Task 1236, Descrição da Task1236
Task 1237, Descrição da Task1237
Task 1238, Descrição da Task1238
Task 1239, Descrição da Task1239
Task 1240, Descrição da Task1240
Task 1241, Descrição da Task1241
Task 1242, Descrição da Task1242
Task 1243, Descrição da Task1243
Task 1244, Descrição da Task1244
Task 1245, Descrição da Task1245
Task 1246, Descrição da Task1246
Task 1247, Descrição da Task1247
Task 1248, Descrição da Task1248
Task 1249, Descrição da Task1249
Task 1250, Descrição da Task1250
Task 1251, Descrição da Task1251
Task 1252, Descrição da Task1252
Task 1253, Descrição da Task1253
Task 1254, Descrição da Task1254
Task 1255, Descrição da Task1255
Task 1256, Descrição da Task1256
Task 1257, Descrição da Task1257
Task 1258, Descrição da Task1258
Task 1259, Descrição da Task1259
Task 1260, Descrição da Task1260
Task 1261, Descrição da Task1261
Task 1262, Descrição da Task1262
Task 1263, Descrição da Task1263
Task 1264, Descrição da Task1264
Task 1265, Descrição da Task1265
Task 1266, Descrição da Task1266
Task 1267, Descrição da Task1267
Task 1268, Descrição da Task1268
Task 1269, Descrição da Task1269
Task 1270, Descrição da Task1270
Task 1271, Descrição da Task1271
Task 1272, Descrição da Task1272
Task 1273, Descrição da Task1273
Task 1274, Descrição da Task1274
Task 1275, Descrição da Task1275
Task 1276, Descrição da Task1276
Task 1277, Descrição da Task1277
Task 1278, Descrição da Task1278
Task 1279, Descrição da Task1279
Task 1280, Descrição da Task1280
Task 1281, Descrição da Task1281
Task 1282, Descrição da Task1282
Task 1283, Descrição da Task1283
Task 1284, Descrição da Task1284
Task 1285, Descrição da Task1285
Task 1286, Descrição da Task1286
Task 1287, Descrição da Task1287
Task 1288, Descrição da Task1288
Task 1289, Descrição da Task1289
Task 1290, Descrição da Task1290
Task 1291, Descrição da Task1291
Task 1292, Descrição da Task1292
Task 1293, Descrição da Task1293
Task 1294, Descrição da Task1294
Task 1295, Descrição da Task1295
Task 1296, Descrição da Task1296
Task 1297, Descrição da Task1297
Task 1298, Descrição da Task1298
Task 1299, Descrição da Task1299
Task 1300, Descrição da Task1300
Task 1301, Descrição da Task1301
Task 1302, Descrição da Task1302
Task 1303, Descrição da Task1303
Task 1304, Descrição da Task1304
Task 1305, Descrição da Task1305
Task 1306, Descrição da Task1306
Task 1307, Descrição da Task1307
Task 1308, Descrição da Task1308
Task 1309, Descrição da Task1309
Task 1310, Descrição da Task1310
Task 1311, Descrição da Task1311
Task 1312, Descrição da Task1312
Task 1313, Descrição da Task1313
Task 1314, Descrição da Task1314
Task 1315, Descrição da Task1315
Task 1316, Descrição da Task1316
Task 1317, Descrição da Task1317
Task 1318, Descrição da Task1318
Task 1319, Descrição da Task1319
Task 1320, Descrição da Task1320
Task 1321, Descrição da Task1321
Task 1322, Descrição da Task1322
Task 1323, Descrição da Task1323
Task 1324, Descrição da Task1324
Task 1325, Descrição da Task1325
Task 1326, Descrição da Task1326
Task 1327, Descrição da Task1327
Task 1328, Descrição da Task1328
Task 1329, Descrição da Task1329
Task 1330, Descrição da Task1330
Task 1331, Descrição da Task1331
Task 1332, Descrição da Task1332
Task 1333, Descrição da Task1333
Task 1334, Descrição da Task1334
Task 1335, Descrição da Task1335
Task 1336, Descrição da Task1336
Task 1337, Descrição da Task1337
Task 1338, Descrição da Task1338
Task 1339, Descrição da Task1339
Task 1340, Descrição da Task1340
Task 1341, Descrição da Task1341
Task 1342, Descrição da Task1342
Task 1343, Descrição da Task1343
Task 1344, Descrição da Task1344
Task 1345, Descrição da Task1345
Task 1346, Descrição da Task1346
Task 1347, Descrição da Task1347
Task 1348, Descrição da Task1348
Task 1349, Descrição da Task1349
Task 1350, Descrição da Task1350
Task 1351, Descrição da Task1351
Task 1352, Descrição da Task1352
Task 1353, Descrição da Task1353
Task 1354, Descrição da Task1354
Task 1355, Descrição da Task1355
Task 1356, Descrição da Task1356
Task 1357, Descrição da Task1357
Task 1358, Descrição da Task1358
Task 1359, Descrição da Task1359
Task 1360, Descrição da Task1360
Task 1361, Descrição da Task1361
Task 1362, Descrição da Task1362
Task 1363, Descrição da Task1363
Task 1364, Descrição da Task1364
Task 1365, Descrição da Task1365
Task 1366, Descrição da Task1366
Task 1367, Descrição da Task1367
Task 1368, Descrição da Task1368
Task 1369, Descrição da Task1369
Task 1370, Descrição da Task1370
Task 1371, Descrição da Task1371
Task 1372, Descrição da Task1372
Task 1373, Descrição da Task1373
Task 1374, Descrição da Task1374
Task 1375, Descrição da Task1375
Task 1376, Descrição da Task1376
Task 1377, Descrição da Task1377
Task 1378, Descrição da Task1378
Task 1379, Descrição da Task1379
Task 1380, Descrição da Task1380
Task 1381, Descrição da Task1381
Task 1382, Descrição da Task1382
Task 1383, Descrição da Task1383
Task 1384, Descrição da Task1384
Task 1385, Descrição da Task1385
Task 1386, Descrição da Task1386
Task 1387, Descrição da Task1387
Task 1388, Descrição da Task1388
Task 1389, Descrição da Task1389
Task 1390, Descrição da Task1390
Task 1391, Descrição da Task1391
Task 1392, Descrição da Task1392
Task 1393, Descrição da Task1393
Task 1394, Descrição da Task1394
Task 1395, Descrição da Task1395
Task 1396, Descrição da Task1396
Task 1397, Descrição da Task1397
Task 1398, Descrição da Task1398
Task 1399, Descrição da Task1399
Task 1400, Descrição da Task1400
Task 1401, Descrição da Task1401
Task 1402, Descrição da Task1402
Task 1403, Descrição da Task1403
Task 1404, Descrição da Task1404
Task 1405, Descrição da Task1405
Task 1406, Descrição da Task1406
Task 1407, Descrição da Task1407
Task 1408, Descrição da Task1408
Task 1409, Descrição da Task1409
Task 1410, Descrição da Task1410
Task 1411, Descrição da Task1411
Task 1412, Descrição da Task1412
Task 1413, Descrição da Task1413
Task 1414, Descrição da Task1414
Task 1415, Descrição da Task1415
Task 1416, Descrição da Task1416
Task 1417, Descrição da Task1417
Task 1418, Descrição da Task1418
Task 1419, Descrição da Task1419
Task 1420, Descrição da Task1420
Task 1421, Descrição da Task1421
Task 1422, Descrição da Task1422
Task 1423, Descrição da Task1423
Task 1424, Descrição da Task1424
Task 1425, Descrição da Task1425
Task 1426, Descrição da Task1426
Task 1427, Descrição da Task1427
Task 1428, Descrição da Task1428
Task 1429, Descrição da Task1429
Task 1430, Descrição da Task1430
Task 1431, Descrição da Task1431
Task 1432, Descrição da Task1432
Task 1433, Descrição da Task1433
Task 1434, Descrição da Task1434
Task 1435, Descrição da Task1435
Task 1436, Descrição da Task1436
Task 1437, Descrição da Task1437
Task 1438, Descrição da Task1438
Task 1439, Descrição da Task1439
Task 1440, Descrição da Task1440
Task 1441, Descrição da Task1441
Task 1442, Descrição da Task1442
Task 1443, Descrição da Task1443
Task 1444, Descrição da Task1444
Task 1445, Descrição da Task1445
Task 1446, Descrição da Task1446
Task 1447, Descrição da Task1447
Task 1448, Descrição da Task1448
Task 1449, Descrição da Task1449
Task 1450, Descrição da Task1450
Task 1451, Descrição da Task1451
Task 1452, Descrição da Task1452
Task 1453, Descrição da Task1453
Task 1454, Descrição da Task1454
Task 1455, Descrição da Task1455
Task 1456, Descrição da Task1456
Task 1457, Descrição da Task1457
Task 1458, Descrição da Task1458
Task 1459, Descrição da Task1459
Task 1460, Descrição da Task1460
Task 1461, Descrição da Task1461
Task 1462, Descrição da Task1462
Task 1463, Descrição da Task1463
Task 1464, Descrição da Task1464
Task 1465, Descrição da Task1465
Task 1466, Descrição da Task1466
Task 1467, Descrição da Task1467
Task 1468, Descrição da Task1468
Task 1469, Descrição da Task1469
Task 1470, Descrição da Task1470
Task 1471, Descrição da Task1471
Task 1472, Descrição da Task1472
Task 1473, Descrição da Task1473
Task 1474, Descrição da Task1474
Task 1475, Descrição da Task1475
Task 1476, Descrição da Task1476
Task 1477, Descrição da Task1477
Task 1478, Descrição da Task1478
Task 1479, Descrição da Task1479
Task 1480, Descrição da Task1480
Task 1481, Descrição da Task1481
Task 1482, Descrição da Task1482
Task 1483, Descrição da Task1483
Task 1484, Descrição da Task1484
Task 1485, Descrição da Task1485
Task 1486, Descrição da Task1486
Task 1487, Descrição da Task1487
Task 1488, Descrição da Task1488
Task 1489, Descrição da Task1489
Task 1490, Descrição da Task1490
Task 1491, Descrição da Task1491
Task 1492, Descrição da Task1492
Task 1493, Descrição da Task1493
Task 1494, Descrição da Task1494
Task 1495, Descrição da Task1495
Task 1496, Descrição da Task1496
Task 1497, Descrição da Task1497
Task 1498, Descrição da Task1498
Task 1499, Descrição da Task1499
Task 1500, Descrição da Task1500
Task 1501, Descrição da Task1501
Task 1502, Descrição da Task1502
Task 1503, Descrição da Task1503
Task 1504, Descrição da Task1504
Task 1505, Descrição da Task1505
Task 1506, Descrição da Task1506
Task 1507, Descrição da Task1507
Task 1508, Descrição da Task1508
Task 1509, Descrição da Task1509
Task 1510, Descrição da Task1510
Task 1511, Descrição da Task1511
Task 1512, Descrição da Task1512
Task 1513, Descrição da Task1513
Task 1514, Descrição da Task1514
Task 1515, Descrição da Task1515
Task 1516, Descrição da Task1516
Task 1517, Descrição da Task1517
Task 1518, Descrição da Task1518
Task 1519, Descrição da Task1519
Task 1520, Descrição da Task1520
Task 1521, Descrição da Task1521
Task 1522, Descrição da Task1522
Task 1523, Descrição da Task1523
Task 1524, Descrição da Task1524
Task 1525, Descrição da Task1525
Task 1526, Descrição da Task1526
Task 1527, Descrição da Task1527
Task 1528, Descrição da Task1528
Task 1529, Descrição da Task1529
Task 1530, Descrição da Task1530
Task 1531, Descrição da Task1531
Task 1532, Descrição da Task1532
Task 1533, Descrição da Task1533
Task 1534, Descrição da Task1534
Task 1535, Descrição da Task1535
Task 1536, Descrição da Task1536
Task 1537, Descrição da Task1537
Task 1538, Descrição da Task1538
Task 1539, Descrição da Task1539
Task 1540, Descrição da Task1540
Task 1541, Descrição da Task1541
Task 1542, Descrição da Task1542
Task 1543, Descrição da Task1543
Task 1544, Descrição da Task1544
Task 1545, Descrição da Task1545
Task 1546, Descrição da Task1546
Task 1547, Descrição da Task1547
Task 1548, Descrição da Task1548
Task 1549, Descrição da Task1549
Task 1550, Descrição da Task1550
Task 1551, Descrição da Task1551
Task 1552, Descrição da Task1552
Task 1553, Descrição da Task1553
Task 1554, Descrição da Task1554
Task 1555, Descrição da Task1555
Task 1556, Descrição da Task1556
Task 1557, Descrição da Task1557
Task 1558, Descrição da Task1558
Task 1559, Descrição da Task1559
Task 1560, Descrição da Task1560
Task 1561, Descrição da Task1561
Task 1562, Descrição da Task1562
Task 1563, Descrição da Task1563
Task 1564, Descrição da Task1564
Task 1565, Descrição da Task1565
Task 1566, Descrição da Task1566
Task 1567, Descrição da Task1567
Task 1568, Descrição da Task1568
Task 1569, Descrição da Task1569
Task 1570, Descrição da Task1570
Task 1571, Descrição da Task1571
Task 1572, Descrição da Task1572
Task 1573, Descrição da Task1573
Task 1574, Descrição da Task1574
Task 1575, Descrição da Task1575
Task 1576, Descrição da Task1576
Task 1577, Descrição da Task1577
Task 1578, Descrição da Task1578
Task 1579, Descrição da Task1579
Task 1580, Descrição da Task1580
Task 1581, Descrição da Task1581
Task 1582, Descrição da Task1582
Task 1583, Descrição da Task1583
Task 1584, Descrição da Task1584
Task 1585, Descrição da Task1585
Task 1586, Descrição da Task1586
Task 1587, Descrição da Task1587
Task 1588, Descrição da Task1588
Task 1589, Descrição da Task1589
Task 1590, Descrição da Task1590
Task 1591, Descrição da Task1591
Task 1592, Descrição da Task1592
Task 1593, Descrição da Task1593
Task 1594, Descrição da Task1594
Task 1595, Descrição da Task1595
Task 1596, Descrição da Task1596
Task 1597, Descrição da Task1597
Task 1598, Descrição da Task1598
Task 1599, Descrição da Task1599
Task 1600, Descrição da Task1600
Task 1601, Descrição da Task1601
Task 1602, Descrição da Task1602
Task 1603, Descrição da Task1603
Task 1604, Descrição da Task1604
Task 1605, Descrição da Task1605
Task 1606, Descrição da Task1606
Task 1607, Descrição da Task1607
Task 1608, Descrição da Task1608
Task 1609, Descrição da Task1609
Task 1610, Descrição da Task1610
Task 1611, Descrição da Task1611
Task 1612, Descrição da Task1612
Task 1613, Descrição da Task1613
Task 1614, Descrição da Task1614
Task 1615, Descrição da Task1615
Task 1616, Descrição da Task1616
Task 1617, Descrição da Task1617
Task 1618, Descrição da Task1618
Task 1619, Descrição da Task1619
Task 1620, Descrição da Task1620
Task 1621, Descrição da Task1621
Task 1622, Descrição da Task1622
Task 1623, Descrição da Task1623
Task 1624, Descrição da Task1624
Task 1625, Descrição da Task1625
Task 1626, Descrição da Task1626
Task 1627, Descrição da Task1627
Task 1628, Descrição da Task1628
Task 1629, Descrição da Task1629
Task 1630, Descrição da Task1630
Task 1631, Descrição da Task1631
Task 1632, Descrição da Task1632
Task 1633, Descrição da Task1633
Task 1634, Descrição da Task1634
Task 1635, Descrição da Task1635
Task 1636, Descrição da Task1636
Task 1637, Descrição da Task1637
Task 1638, Descrição da Task1638
Task 1639, Descrição da Task1639
Task 1640, Descrição da Task1640
Task 1641, Descrição da Task1641
Task 1642, Descrição da Task1642
Task 1643, Descrição da Task1643
Task 1644, Descrição da Task1644
Task 1645, Descrição da Task1645
Task 1646, Descrição da Task1646
Task 1647, Descrição da Task1647
Task 1648, Descrição da Task1648
Task 1649, Descrição da Task1649
Task 1650, Descrição da Task1650
Task 1651, Descrição da Task1651
Task 1652, Descrição da Task1652
Task 1653, Descrição da Task1653
Task 1654, Descrição da Task1654
Task 1655, Descrição da Task1655
Task 1656, Descrição da Task1656
Task 1657, Descrição da Task1657
Task 1658, Descrição da Task1658
Task 1659, Descrição da Task1659
Task 1660, Descrição da Task1660
Task 1661, Descrição da Task1661
Task 1662, Descrição da Task1662
Task 1663, Descrição da Task1663
Task 1664, Descrição da Task1664
Task 1665, Descrição da Task1665
Task 1666, Descrição da Task1666
Task 1667, Descrição da Task1667
Task 1668, Descrição da Task1668
Task 1669, Descrição da Task1669
Task 1670, Descrição da Task1670
Task 1671, Descrição da Task1671
Task 1672, Descrição da Task1672
Task 1673, Descrição da Task1673
Task 1674, Descrição da Task1674
Task 1675, Descrição da Task1675
Task 1676, Descrição da Task1676
Task 1677, Descrição da Task1677
Task 1678, Descrição da Task1678
Task 1679, Descrição da Task1679
Task 1680, Descrição da Task1680
Task 1681, Descrição da Task1681
Task 1682, Descrição da Task1682
Task 1683, Descrição da Task1683
Task 1684, Descrição da Task1684
Task 1685, Descrição da Task1685
Task 1686, Descrição da Task1686
Task 1687, Descrição da Task1687
Task 1688, Descrição da Task1688
Task 1689, Descrição da Task1689
Task 1690, Descrição da Task1690
Task 1691, Descrição da Task1691
Task 1692, Descrição da Task1692
Task 1693, Descrição da Task1693
Task 1694, Descrição da Task1694
Task 1695, Descrição da Task1695
Task 1696, Descrição da Task1696
Task 1697, Descrição da Task1697
Task 1698, Descrição da Task1698
Task 1699, Descrição da Task1699
Task 1700, Descrição da Task1700
Task 1701, Descrição da Task1701
Task 1702, Descrição da Task1702
Task 1703, Descrição da Task1703
Task 1704, Descrição da Task1704
Task 1705, Descrição da Task1705
Task 1706, Descrição da Task1706
Task 1707, Descrição da Task1707
Task 1708, Descrição da Task1708
Task 1709, Descrição da Task1709
Task 1710, Descrição da Task1710
Task 1711, Descrição da Task1711
Task 1712, Descrição da Task1712
Task 1713, Descrição da Task1713
Task 1714, Descrição da Task1714
Task 1715, Descrição da Task1715
Task 1716, Descrição da Task1716
Task 1717, Descrição da Task1717
Task 1718, Descrição da Task1718
Task 1719, Descrição da Task1719
Task 1720, Descrição da Task1720
Task 1721, Descrição da Task1721
Task 1722, Descrição da Task1722
Task 1723, Descrição da Task1723
Task 1724, Descrição da Task1724
Task 1725, Descrição da Task1725
Task 1726, Descrição da Task1726
Task 1727, Descrição da Task1727
Task 1728, Descrição da Task1728
Task 1729, Descrição da Task1729
Task 1730, Descrição da Task1730
Task 1731, Descrição da Task1731
Task 1732, Descrição da Task1732
Task 1733, Descrição da Task1733
Task 1734, Descrição da Task1734
Task 1735, Descrição da Task1735
Task 1736, Descrição da Task1736
Task 1737, Descrição da Task1737
Task 1738, Descrição da Task1738
Task 1739, Descrição da Task1739
Task 1740, Descrição da Task1740
Task 1741, Descrição da Task1741
Task 1742, Descrição da Task1742
Task 1743, Descrição da Task1743
Task 1744, Descrição da Task1744
Task 1745, Descrição da Task1745
Task 1746, Descrição da Task1746
Task 1747, Descrição da Task1747
Task 1748, Descrição da Task1748
Task 1749, Descrição da Task1749
Task 1750, Descrição da Task1750
Task 1751, Descrição da Task1751
Task 1752, Descrição da Task1752
Task 1753, Descrição da Task1753
Task 1754, Descrição da Task1754
Task 1755, Descrição da Task1755
Task 1756, Descrição da Task1756
Task 1757, Descrição da Task1757
Task 1758, Descrição da Task1758
Task 1759, Descrição da Task1759
Task 1760, Descrição da Task1760
Task 1761, Descrição da Task1761
Task 1762, Descrição da Task1762
Task 1763, Descrição da Task1763
Task 1764, Descrição da Task1764
Task 1765, Descrição da Task1765
Task 1766, Descrição da Task1766
Task 1767, Descrição da Task1767
Task 1768, Descrição da Task1768
Task 1769, Descrição da Task1769
Task 1770, Descrição da Task1770
Task 1771, Descrição da Task1771
Task 1772, Descrição da Task1772
Task 1773, Descrição da Task1773
Task 1774, Descrição da Task1774
Task 1775, Descrição da Task1775
Task 1776, Descrição da Task1776
Task 1777, Descrição da Task1777
Task 1778, Descrição da Task1778
Task 1779, Descrição da Task1779
Task 1780, Descrição da Task1780
Task 1781, Descrição da Task1781
Task 1782, Descrição da Task1782
Task 1783, Descrição da Task1783
Task 1784, Descrição da Task1784
Task 1785, Descrição da Task1785
Task 1786, Descrição da Task1786
Task 1787, Descrição da Task1787
Task 1788, Descrição da Task1788
Task 1789, Descrição da Task1789
Task 1790, Descrição da Task1790
Task 1791, Descrição da Task1791
Task 1792, Descrição da Task1792
Task 1793, Descrição da Task1793
Task 1794, Descrição da Task1794
Task 1795, Descrição da Task1795
Task 1796, Descrição da Task1796
Task 1797, Descrição da Task1797
Task 1798, Descrição da Task1798
Task 1799, Descrição da Task1799
Task 1800, Descrição da Task1800
Task 1801, Descrição da Task1801
Task 1802, Descrição da Task1802
Task 1803, Descrição da Task1803
Task 1804, Descrição da Task1804
Task 1805, Descrição da Task1805
Task 1806, Descrição da Task1806
Task 1807, Descrição da Task1807
Task 1808, Descrição da Task1808
Task 1809, Descrição da Task1809
Task 1810, Descrição da Task1810
Task 1811, Descrição da Task1811
Task 1812, Descrição da Task1812
Task 1813, Descrição da Task1813
Task 1814, Descrição da Task1814
Task 1815, Descrição da Task1815
Task 1816, Descrição da Task1816
Task 1817, Descrição da Task1817
Task 1818, Descrição da Task1818
Task 1819, Descrição da Task1819
Task 1820, Descrição da Task1820
Task 1821, Descrição da Task1821
Task 1822, Descrição da Task1822
Task 1823, Descrição da Task1823
Task 1824, Descrição da Task1824
Task 1825, Descrição da Task1825
Task 1826, Descrição da Task1826
Task 1827, Descrição da Task1827
Task 1828, Descrição da Task1828
